Población por distritos y secciones censales de Bizkaia, según sexo, grupos de edad y nacionalidad. 01/01/2019
Población según el sexo;Grupos de edad (%);Extranjeros (%)
Total;Hombres;Mujeres;Sex ratio;0-19;20-64;>=65;UE-27;Resto
Cod;Municipio;Dist;Secc
001;Abadiño;01;00;7695;3831;3864;0,991;20,5;60;19,5;1,5;3,5
01;1540;777;763;1,018;24,5;60,9;14,6;2,1;4
02;1225;613;612;1,002;15,7;52,7;31,7;1;4,2
03;1145;533;612;0,871;16,9;58,1;25,1;1,7;5,6
04;2037;1036;1001;1,035;25,4;64,6;10;1,8;2,3
05;1748;872;876;0,995;17;60,1;22,8;1;2,8
002;Abanto y Ciérvana-Abanto Zierbena;02;00;9476;4683;4793;0,977;18,1;63,5;18,4;0,3;2
01;00;5077;2471;2606;0,948;17;64,8;18,2;0,4;2,1
01;1863;891;972;0,917;17,2;62,4;20,4;0,1;3,5
02;1090;549;541;1,015;18,3;60,9;20,8;0,9;1,6
04;732;353;379;0,931;18;58,3;23,6;0,3;2,3
05;1392;678;714;0,95;15,4;74,3;10,3;0,3;0,6
02;00;4399;2212;2187;1,011;19,4;62;18,6;0,3;1,8
01;1285;625;660;0,947;20,2;58,6;21,2;0,2;1,4
02;1249;643;606;1,061;18,6;64,5;16,9;0,4;1,4
03;1865;944;921;1,025;19,5;62,6;18;0,3;2,3
003;Amorebieta-Etxano;03;00;19119;9552;9567;0,998;20;60,1;19,9;5,8;3,9
01;00;17599;8752;8847;0,989;20,1;60,5;19,4;6,1;3,6
01;1791;841;950;0,885;15,1;54,6;30,3;6,4;4,9
02;2198;1126;1072;1,05;24,5;63,8;11,7;6,9;2
03;1647;793;854;0,929;19,2;57,5;23,3;8,4;6,1
04;1712;875;837;1,045;18;60,7;21,3;8,5;5,2
05;2031;1019;1012;1,007;22,4;62,5;15,2;3,7;3
06;1773;898;875;1,026;24,4;61,1;14,5;6,3;4,4
07;1520;736;784;0,939;19,7;55,3;25,1;5,9;4,1
08;962;480;482;0,996;17,9;63,9;18,2;2;1,7
09;2129;1061;1068;0,993;15,7;62,3;22;7,6;2,9
10;1836;923;913;1,011;22;62,9;15,1;3,1;2,2
02;00;660;327;333;0,982;15,2;58,5;26,4;3,2;3,3
01;660;327;333;0,982;15,2;58,5;26,4;3,2;3,3
03;00;860;473;387;1,222;22,6;51,6;25,8;3,3;10,6
01;860;473;387;1,222;22,6;51,6;25,8;3,3;10,6
004;Amoroto;01;00;409;203;206;0,985;19,8;60,4;19,8;0,7;2,4
01;409;203;206;0,985;19,8;60,4;19,8;0,7;2,4
005;Arakaldo;01;00;167;82;85;0,965;24,6;62,3;13,2;0;6
01;167;82;85;0,965;24,6;62,3;13,2;0;6
006;Arantzazu;01;00;377;193;184;1,049;21,5;59,7;18,8;0,5;3,4
01;377;193;184;1,049;21,5;59,7;18,8;0,5;3,4
007;Munitibar -Arbatzegi Gerrikaitz-;01;00;457;257;200;1,285;15,5;62,6;21,9;1,8;3,5
01;457;257;200;1,285;15,5;62,6;21,9;1,8;3,5
008;Artzentales;01;00;692;363;329;1,103;13,7;63;23,3;0,3;1,9
01;692;363;329;1,103;13,7;63;23,3;0,3;1,9
009;Arrankudiaga;01;00;1019;512;507;1,01;21;60,5;18,4;0,8;2,6
01;1019;512;507;1,01;21;60,5;18,4;0,8;2,6
010;Arrieta;01;00;566;289;277;1,043;17,5;63,6;18,9;1,9;2,1
01;566;289;277;1,043;17,5;63,6;18,9;1,9;2,1
011;Arrigorriaga;02;00;11882;5760;6122;0,941;19,2;63,3;17,5;1,3;3,2
01;00;6834;3303;3531;0,935;19,6;64,5;16;1,1;3,8
01;1108;520;588;0,884;18,5;61,1;20,4;1,7;4
02;2144;1045;1099;0,951;19,3;66,5;14,2;1;4,9
03;1339;652;687;0,949;18,1;59,8;22,1;1,2;6
04;2243;1086;1157;0,939;21,3;67;11,8;0,8;1,5
02;00;5048;2457;2591;0,948;18,7;61,7;19,6;1,6;2,4
01;897;421;476;0,884;16,1;56,2;27,8;1,3;4,2
02;1228;623;605;1,03;18,1;58,7;23,2;1,4;2,1
03;1396;667;729;0,915;13,5;67;19,6;3,4;2,9
04;1527;746;781;0,955;25,6;62,5;11,9;0,5;1
012;Bakio;01;00;2639;1321;1318;1,002;20,2;61,7;18,1;1,4;3,9
01;1093;553;540;1,024;18,8;60,2;21;1,4;5,5
02;1546;768;778;0,987;21,2;62,8;16;1,5;2,7
013;Barakaldo;09;00;98497;47165;51332;0,919;17,1;60,1;22,8;1,3;6,1
01;00;7168;3324;3844;0,865;15,5;61,2;23,3;1,5;10,2
01;766;339;427;0,794;15,4;61,2;23,4;2;8
02;1020;457;563;0,812;15,8;62,5;21,8;1,1;14,6
03;939;450;489;0,92;14,9;63,9;21,2;1,4;8
04;1421;673;748;0,9;14,1;61,2;24,7;1,1;10,2
05;968;458;510;0,898;15,9;58,4;25,7;2,7;12,1
06;877;414;463;0,894;16,9;63,4;19,7;1,5;11,2
08;1177;533;644;0,828;16,1;58,7;25,1;1,2;7,3
02;00;14668;7114;7554;0,942;19,6;63,4;17,1;1,6;7,5
01;1133;563;570;0,988;17,5;64,2;18,4;1,6;11,3
02;1212;589;623;0,945;18,2;60,4;21,4;1,3;9,3
03;940;437;503;0,869;19,8;64,1;16,1;1,3;11,7
04;1502;727;775;0,938;19,2;65,1;15,7;0,9;7,2
05;1148;558;590;0,946;19,9;62,5;17,7;1;6,1
06;1332;651;681;0,956;15,5;60,7;23,8;2,3;11
07;653;304;349;0,871;18,4;62,2;19,4;2,9;12,4
08;1698;829;869;0,954;23,3;64,5;12,1;2,2;5,4
09;1096;495;601;0,824;14,1;56,8;29;2,1;9,1
10;1276;614;662;0,927;17,3;66;16,7;1,6;7,6
11;2678;1347;1331;1,012;24,3;65,8;9,8;1,1;2,2
03;00;7196;3360;3836;0,876;15,6;59,5;24,9;1,4;6,8
01;920;417;503;0,829;16,1;60,1;23,8;1,6;8,6
02;1346;659;687;0,959;17,2;60,7;22,1;1,7;6,9
03;782;352;430;0,819;14,7;62,1;23,1;1,2;7,2
04;1048;473;575;0,823;14,5;57,2;28,3;1,6;9,5
05;724;333;391;0,852;13;54,8;32,2;1,4;6,8
06;756;355;401;0,885;15,5;61,5;23;2,4;6,2
07;689;331;358;0,925;16,7;56;27,3;1,2;5,1
08;931;440;491;0,896;16,3;61,9;21,8;0,4;3
04;00;10744;5019;5725;0,877;16,4;58,4;25,2;1,5;6,2
01;897;430;467;0,921;13,6;59,1;27,3;1,4;8,7
02;618;287;331;0,867;11;54;35;3,7;5,3
03;880;425;455;0,934;14,8;61,7;23,5;2,5;7,2
04;1208;558;650;0,858;17,5;61,3;21,2;1,3;8,5
05;745;344;401;0,858;18,4;64,2;17,4;1,5;13
06;765;358;407;0,88;16,2;62;21,8;2,2;8,2
07;1296;589;707;0,833;14,2;46,1;39,7;1,5;6,4
08;1210;573;637;0,9;21,1;61,2;17,8;0,2;1,8
09;959;430;529;0,813;18,2;60,3;21,5;2,2;8,2
10;905;431;474;0,909;14,3;55,1;30,6;0,4;2,8
11;1261;594;667;0,891;18,3;60,1;21,6;0,5;1,9
05;00;14662;6962;7700;0,904;16,9;57,6;25,5;0,9;4,1
01;1707;770;937;0,822;11,7;54,9;33,4;1,2;2,8
02;1310;650;660;0,985;15,6;54,4;29,9;0,9;3,1
03;1517;695;822;0,845;15,4;63,4;21,2;1,3;11,9
04;735;336;399;0,842;15,8;61;23,3;1,8;7,5
05;2032;951;1081;0,88;16,5;54,1;29,4;1,4;2,5
06;1156;511;645;0,792;14;52,9;33;0,5;4,4
07;1134;535;599;0,893;11,6;48,6;39,8;0,8;5,3
08;1075;489;586;0,834;11,3;48,7;39,9;0,8;3
09;1465;740;725;1,021;26,1;68,9;5;0,2;2,3
10;992;464;528;0,879;15,8;56,8;27,4;0,6;1,9
11;1539;821;718;1,143;28,1;66,6;5,3;0,2;1,7
06;00;13799;6542;7257;0,901;15,8;59;25,3;1,2;4,5
01;1553;701;852;0,823;13,8;58,6;27,6;0,6;4,8
02;919;437;482;0,907;15;59,2;25,8;0,3;10
03;918;453;465;0,974;10;54,8;35,2;0,8;2,5
04;1072;497;575;0,864;14,5;55,9;29,7;1,2;4,1
05;1149;528;621;0,85;17,6;63,4;19;1,6;7
06;736;363;373;0,973;17,8;60,5;21,7;2,2;3,4
07;1220;566;654;0,865;18,9;62;19;1,6;7,3
08;821;401;420;0,955;9,1;52,5;38,4;2,3;1,8
09;866;412;454;0,907;8,2;62,8;29;0,3;3,5
10;1274;616;658;0,936;21,2;54,7;24,1;0,6;0,9
11;1085;510;575;0,887;16,3;59,4;24,2;1,4;4,1
12;1236;614;622;0,987;21,8;64,6;13,7;1;1,9
13;950;444;506;0,877;16,1;56,1;27,8;2,9;7,2
07;00;8819;4422;4397;1,006;22;61,3;16,7;1,5;5,2
01;1765;868;897;0,968;18,9;55,1;26;1,6;5,6
02;1277;641;636;1,008;17,7;62;20,3;1,6;7
03;2160;1087;1073;1,013;21,4;61,1;17,5;1,4;2,9
04;1789;908;881;1,031;22,2;66,1;11,7;1,4;7,2
05;1828;918;910;1,009;28,4;62,5;9,1;1,8;4,2
08;00;9414;4664;4750;0,982;17,9;60,6;21,5;1;5,9
01;1140;581;559;1,039;21,7;63,4;14,9;0,7;4,8
02;1938;992;946;1,049;17,6;67;15,4;1,5;5,8
03;1104;552;552;1;22,1;63,4;14,5;1,4;3,4
04;1160;563;597;0,943;13,7;53,4;32,9;0,3;5
05;806;380;426;0,892;15,8;51,5;32,8;0;5,3
06;761;363;398;0,912;8;58,5;33,5;1,1;2,8
07;1421;697;724;0,963;21;59,2;19,8;0,6;8
08;1084;536;548;0,978;19,2;60,9;19,9;1,8;10,5
09;00;12027;5758;6269;0,918;14,3;60,3;25,4;1;6,4
01;803;363;440;0,825;11,3;60,8;27,9;0,9;5,2
02;938;437;501;0,872;12,4;58;29,6;1,3;7,1
03;960;462;498;0,928;15,6;63,3;21;1,1;6,4
04;1043;470;573;0,82;11,8;59,3;29;1,3;9,3
05;1049;518;531;0,976;16,2;63,1;20,7;2,2;11,6
06;665;329;336;0,979;13,8;62,6;23,6;1,8;12,8
07;1604;782;822;0,951;13,3;62,8;23,9;0,3;5,2
08;1081;527;554;0,951;21,4;64,6;14,1;0,6;4,8
09;1188;573;615;0,932;15,1;51,7;33,2;0,3;5,5
10;1157;552;605;0,912;14,5;58,3;27,1;1,2;4,7
11;688;332;356;0,933;12,9;66;21,1;1,2;2,8
12;851;413;438;0,943;11,4;55,3;33,3;0,7;3,2
014;Barrika;01;00;1528;788;740;1,065;18,9;60,5;20,6;1,4;1,8
01;1528;788;740;1,065;18,9;60,5;20,6;1,4;1,8
015;Basauri;05;00;40711;19633;21078;0,931;15,6;57,4;27,1;1,8;4,5
01;00;13862;6717;7145;0,94;15,7;56,9;27,4;2,1;4,6
01;1184;557;627;0,888;15,5;59,7;24,7;2,9;4,2
02;1010;477;533;0,895;15,2;59,1;25,6;1,2;5
03;854;384;470;0,817;14,9;53,9;31,3;1,6;4,1
04;970;446;524;0,851;18,7;56,4;24,9;2,3;5,4
05;1097;540;557;0,969;17,3;57,3;25,3;2,3;9,4
06;1283;632;651;0,971;15,8;59,4;24,8;2,7;5,4
07;883;429;454;0,945;14,7;55,8;29,4;3,1;7,4
08;1246;624;622;1,003;13,6;54,4;31,9;2,2;3,6
09;1442;693;749;0,925;12,4;58,8;28,8;1,5;2,6
10;1687;831;856;0,971;16,5;58,3;25,1;2,2;3,7
11;1213;589;624;0,944;12,9;48,6;38,4;1,7;1,8
12;993;515;478;1,077;22,4;59,3;18,3;1,2;4,7
02;00;17065;8135;8930;0,911;15;57,1;28;1,7;4,6
02;1472;695;777;0,894;14,8;57,7;27,5;2,9;5,5
03;966;451;515;0,876;15,4;54,2;30,3;1,1;3,7
04;1005;486;519;0,936;13,4;53,6;32,9;1,2;4,6
05;911;433;478;0,906;13,1;56,5;30,4;1,6;5,7
06;820;403;417;0,966;12,7;56,1;31,2;0,9;7,6
07;885;403;482;0,836;15,7;57,3;27;2,5;4,7
08;741;346;395;0,876;14,2;54,9;30,9;3;6,3
09;682;342;340;1,006;16,1;55,3;28,6;5,1;6,6
10;1454;711;743;0,957;14,2;59,3;26,5;0,5;2,2
11;717;317;400;0,793;13,4;60,9;25,7;1,4;4
12;991;479;512;0,936;12,8;55,3;31,9;2;6,2
13;1629;785;844;0,93;16;60,2;23,9;1;5
14;879;437;442;0,989;17,5;61,5;20,9;3,4;5,5
15;962;454;508;0,894;11,1;48,2;40,6;0,2;2,6
16;1755;835;920;0,908;22,4;63,1;14,5;0,9;3,3
17;588;261;327;0,798;10,2;54,6;35,2;2;2,9
18;608;297;311;0,955;11,3;49,8;38,8;1,8;3,8
03;00;3363;1610;1753;0,918;15;52,2;32,7;1,9;4,5
01;1227;596;631;0,945;12,1;47,5;40,3;1,5;2,4
02;1175;547;628;0,871;13,5;51,1;35,4;2,5;7
03;961;467;494;0,945;20,5;59,7;19,8;1,7;4,1
04;00;2052;1025;1027;0,998;14,2;59,2;26,7;2,3;5,3
01;806;423;383;1,104;18,6;63,5;17,9;3,8;11,2
02;1246;602;644;0,935;11,3;56,3;32,3;1,3;1,5
05;00;4369;2146;2223;0,965;18,7;63,1;18,2;1,3;3,1
01;1063;525;538;0,976;21,4;64,5;14;1,5;2,2
02;1089;552;537;1,028;17,6;63;19,4;1,5;4,4
03;1109;537;572;0,939;18,5;63,4;18,1;1,9;3,9
04;1108;532;576;0,924;17,4;61,6;21;0,2;2,1
016;Berango;01;00;7230;3518;3712;0,948;23,9;59,3;16,8;1,7;2,8
01;1437;683;754;0,906;25,8;57,6;16,6;1,9;3,3
02;1354;676;678;0,997;22,7;61,1;16,2;1,6;1,8
03;1809;866;943;0,918;25,2;60,1;14,6;1,5;3,5
04;1418;698;720;0,969;27,6;57,8;14,5;2,2;2,4
05;1212;595;617;0,964;16,9;59,7;23,3;1,3;2,7
017;Bermeo;03;00;16880;8310;8570;0,97;18,5;58,9;22,7;3,3;4,9
01;00;3313;1629;1684;0,967;16;62,8;21,1;3,3;7,1
01;1247;628;619;1,015;13,6;62,6;23,7;1,8;5,9
02;798;387;411;0,942;17,7;63,4;18,9;4,3;7,4
03;1268;614;654;0,939;17,4;62,7;20;4;8,1
02;00;7566;3734;3832;0,974;17,9;58,1;24;2,5;4,8
01;1191;584;607;0,962;19,9;54,1;26;1,5;3,9
02;1930;929;1001;0,928;19,5;61,9;18,6;1,6;3
03;1657;838;819;1,023;17,5;59;23,5;4;7,8
04;1099;545;554;0,984;15,7;57,9;26,5;3,2;7,6
05;910;443;467;0,949;16,9;54,3;28,8;3,3;4,2
06;779;395;384;1,029;15,9;57,5;26,6;1,3;0,6
03;00;6001;2947;3054;0,965;20,5;57,7;21,8;4,5;3,7
01;1022;521;501;1,04;16;61,6;22,3;2,3;4
02;2408;1195;1213;0,985;26,2;60,6;13,2;6,9;2,9
03;1710;826;884;0,934;16,8;50,4;32,9;1,8;3,3
04;861;405;456;0,888;17,3;59,6;23,1;5,7;6,6
018;Berriatua;01;00;1251;683;568;1,202;20,1;58;21,9;1;13,2
01;1251;683;568;1,202;20,1;58;21,9;1;13,2
019;Berriz;01;00;4701;2349;2352;0,999;21;58,4;20,6;2,6;5,1
01;1092;533;559;0,953;18,4;56,2;25,4;3,1;8,2
02;773;366;407;0,899;14,1;53,8;32,1;1,3;1,7
03;1442;735;707;1,04;20,1;59,9;20;2,8;7,6
04;1394;715;679;1,053;27,9;61;11;2,9;2,1
020;Bilbao;08;00;343430;161355;182075;0,886;16,2;59,8;24;1,4;7,5
01;00;48652;22611;26041;0,868;15,4;58,4;26,3;1,1;6,3
02;1204;570;634;0,899;19,9;60,5;19,7;0,7;5,1
03;777;324;453;0,715;17,5;60,1;22,4;0,1;9
05;1229;567;662;0,856;17,2;57,4;25,4;1;5,7
06;1424;677;747;0,906;14,7;57,6;27,7;0,7;8
07;829;369;460;0,802;16,6;58,5;24,8;1,9;3
08;645;328;317;1,035;16;62,9;21,1;0,5;5
09;1182;549;633;0,867;18;54,2;27,7;0,7;9
10;1567;758;809;0,937;17,5;58,8;23,7;0,6;2,6
11;919;401;518;0,774;16,2;55,6;28,2;1,1;6,6
12;749;327;422;0,775;19;60,3;20,7;0,4;8,5
13;1195;531;664;0,8;20;63,4;16,6;3,3;8,9
15;684;311;373;0,834;15,9;60,5;23,5;1,9;8,8
16;1445;663;782;0,848;11,1;52,4;36,5;1;4,6
17;1115;499;616;0,81;13,7;54,5;31,7;1,4;9,5
18;1301;612;689;0,888;13,2;59,3;27,5;1;6,4
19;977;463;514;0,901;13,8;54,9;31,3;0,5;3,7
20;1269;618;651;0,949;14,9;59,4;25,7;0,8;3,3
21;953;414;539;0,768;12,2;60,5;27,3;2,4;8
22;1484;682;802;0,85;12;55,6;32,4;0,9;4,6
23;1637;765;872;0,877;16,3;63,2;20,5;1,1;7,1
25;1399;685;714;0,959;11,1;53,9;35;0,4;2,2
26;1796;846;950;0,891;17,1;63,4;19,5;1,6;8,4
27;1377;683;694;0,984;18,3;59,9;21,8;1,9;7,6
28;1283;643;640;1,005;14,9;60,7;24,4;0,9;10,4
29;1546;736;810;0,909;15,1;61,3;23,7;1;10,3
30;1517;725;792;0,915;14,6;56,2;29,2;0,3;4,5
31;1210;552;658;0,839;14,7;58,3;27;1;9,9
32;1408;638;770;0,829;16,7;54,7;28,6;0,6;6,1
33;783;343;440;0,78;15,6;56,6;27,8;0,6;4,2
34;669;295;374;0,789;16,9;57;26,2;1,5;7,8
35;690;304;386;0,788;11,7;61,2;27,1;0,4;7,5
36;714;308;406;0,759;16,7;62,7;20,6;1,5;5,5
37;723;328;395;0,83;14,4;55,7;29,9;0,7;7,5
38;1641;748;893;0,838;15,1;60,4;24,6;1,5;3,1
39;890;424;466;0,91;19,1;58,3;22,6;1;5,2
40;707;299;408;0,733;11,9;53,6;34,5;0,8;6,8
41;1101;519;582;0,892;14,3;63,4;22,3;3;9,1
42;1781;851;930;0,915;12,2;55,8;32;0,7;3,4
43;833;380;453;0,839;14,6;50,1;35,3;1;3,5
44;1269;584;685;0,853;14,6;53,5;31,9;1;3,1
45;1409;663;746;0,889;12,3;58,7;29;1,2;8,9
46;1321;629;692;0,909;21,4;64,4;14,2;0,8;4,2
02;00;35771;16589;19182;0,865;15;57,1;27,9;1,5;7,3
01;1236;562;674;0,834;11,7;48,8;39,6;1,1;5,7
02;677;341;336;1,015;15,8;62,3;21,9;1,9;2,8
03;1526;733;793;0,924;14,9;63,8;21,3;1,8;4,6
05;993;489;504;0,97;12,7;56,1;31,2;1,1;6,6
06;764;360;404;0,891;13,4;53,1;33,5;2,7;8,1
07;759;343;416;0,825;13,8;57,7;28,5;0,4;7
08;874;374;500;0,748;18,8;57,1;24,1;1,5;9,2
09;870;406;464;0,875;16;54;30;1;7,1
10;742;343;399;0,86;13,5;51,9;34,6;2,4;5,1
11;1310;628;682;0,921;13,2;56,1;30,7;0,6;9,2
12;1396;646;750;0,861;11,9;47,8;40,3;0,8;5
13;1377;646;731;0,884;16,8;60,7;22,4;3,1;10,5
14;974;485;489;0,992;21,7;58,8;19,5;3,4;12,9
15;983;449;534;0,841;18,6;53,3;28,1;0,9;4
16;1079;504;575;0,877;14,6;52,2;33,2;0,9;5
18;947;418;529;0,79;13,4;55,6;30,9;1,4;7,2
19;1360;631;729;0,866;15,6;57,3;27,1;1,8;9,8
20;1308;635;673;0,944;17;66,1;17;1,5;12,2
21;1032;481;551;0,873;18,8;60,9;20,3;2,9;14,1
22;1126;521;605;0,861;16;56,5;27,5;1,7;12,5
23;797;349;448;0,779;14,2;56,1;29,7;1;11,7
24;937;436;501;0,87;14,8;44,7;40,4;0,9;4,1
25;1384;620;764;0,812;14,7;61;24,3;0,8;4
26;1397;656;741;0,885;12,5;60,3;27,2;2;7,1
27;1018;464;554;0,838;18,3;60,6;21,1;1,8;7,4
28;782;376;406;0,926;17;67,6;15,3;2,2;12,8
29;1085;498;587;0,848;10,5;56,1;33,4;0,8;8,5
30;999;448;551;0,813;14,3;56,3;29,4;2,2;3,9
31;1497;655;842;0,778;12,2;56,7;31,1;0,9;3,8
32;1361;611;750;0,815;14,3;57,7;28,1;2,5;3,7
33;1321;614;707;0,868;16,7;58,7;24,6;0,7;3,6
34;1182;559;623;0,897;17,9;57,9;24,2;1,2;8,9
35;678;308;370;0,832;11,4;55,8;32,9;0,7;6,2
03;00;25434;12163;13271;0,917;16,4;62;21,6;0,9;4
01;1936;925;1011;0,915;24,1;62,2;13,7;0,6;2
02;1108;544;564;0,965;17,8;62,7;19,5;0,3;3,2
03;1078;519;559;0,928;14;64;22;0,4;3,4
05;1626;800;826;0,969;16,9;60,9;22,1;1,7;7,6
06;814;396;418;0,947;19,8;60,9;19,3;1;8,6
07;915;446;469;0,951;15,4;64,2;20,4;2,2;9,1
08;665;349;316;1,104;21,1;62,3;16,7;0,9;14,4
09;1185;573;612;0,936;23,1;63;13,8;1,2;8,6
10;707;320;387;0,827;20,1;57,6;22,3;0,8;5,4
11;1391;682;709;0,962;19,1;61;19,9;1,8;9,2
13;1182;520;662;0,785;15,7;53,5;30,9;0,8;1,3
14;727;326;401;0,813;10,6;41,1;48,3;1,1;0,7
15;1060;510;550;0,927;17,8;58;24,2;1,9;4,8
16;1156;528;628;0,841;15,7;55,1;29,2;1,7;2,3
17;1395;694;701;0,99;9,3;65,1;25,6;0,3;1,1
18;1112;524;588;0,891;10,4;68,9;20,7;0,1;2,2
19;1328;641;687;0,933;10,2;69,5;20,3;0,5;0,8
20;1927;903;1024;0,882;14,7;66;19,3;0,4;0,8
21;1513;711;802;0,887;16,7;70,5;12,8;0,9;3,1
22;952;461;491;0,939;14,5;56,6;28,9;0,7;2,7
23;1657;791;866;0,913;16,4;62,3;21,3;0,5;1,4
04;00;40170;18700;21470;0,871;14,5;56,2;29,3;1,9;6,2
02;1201;525;676;0,777;11,7;48,1;40,1;1,2;4,6
03;1473;725;748;0,969;14,5;49,7;35,8;0,7;3,2
05;946;461;485;0,951;11,2;54,8;34;0,6;3
06;1111;529;582;0,909;16,4;55,7;27,9;2,4;7,6
08;1764;786;978;0,804;15,2;58,2;26,5;4,3;9
09;1198;536;662;0,81;12,3;55,3;32,4;1,7;9,3
10;1656;717;939;0,764;11,5;53,3;35,1;0,8;5,1
12;1437;639;798;0,801;14,2;48,2;37,6;1,5;4
13;1099;501;598;0,838;14,6;54,1;31,3;2,1;6,6
14;1518;697;821;0,849;11,8;52,4;35,8;1,5;4,4
15;1042;487;555;0,877;10,5;52,4;37,1;0,4;3,5
16;752;348;404;0,861;14;49,5;36,6;0,4;2,3
17;719;330;389;0,848;11;51;38;0,7;6,7
18;770;361;409;0,883;13;56,6;30,4;0,8;8,4
19;853;384;469;0,819;11,3;55,2;33,5;1,6;4,1
20;714;340;374;0,909;8,8;54,8;36,4;2,4;5,3
21;1249;591;658;0,898;12,6;50,1;37,3;1;2,5
22;1396;628;768;0,818;10,7;50,9;38,5;1,2;4,8
24;1536;700;836;0,837;15;57,8;27,1;2,1;5,8
25;1048;511;537;0,952;15,3;55,4;29,3;1,5;7,9
26;1099;509;590;0,863;15,8;52,8;31,4;3,2;9,3
27;908;395;513;0,77;14;58,7;27,3;2,6;6,9
28;1201;560;641;0,874;15,3;62,3;22,4;3,2;6,4
29;1771;827;944;0,876;15,4;60,8;23,9;0,9;6,9
30;1584;761;823;0,925;12,4;54,4;33,2;2,3;8,5
31;635;297;338;0,879;12,8;58,7;28,5;1,1;5,2
32;1037;489;548;0,892;13,7;64,2;22,1;4;9,5
33;1380;651;729;0,893;14,5;57;28,5;2,5;9,2
35;1059;508;551;0,922;25,9;63,3;10,9;0,9;7,6
36;1294;618;676;0,914;16,5;62,4;21,1;3;7,6
37;1453;687;766;0,897;12,6;54,9;32,5;2,2;4,9
38;998;493;505;0,976;18,7;64,7;16,5;4,3;9,4
39;2269;1109;1160;0,956;23,9;68,4;7,7;1,2;5,1
05;00;61894;30289;31605;0,958;18,4;64,4;17,2;1,7;10,5
01;1854;879;975;0,902;19,4;63,8;16,8;2;4
02;795;347;448;0,775;12,3;65,4;22,3;2,9;8,1
03;1809;858;951;0,902;19,5;59,8;20,7;1,3;6
04;1927;940;987;0,952;16,8;60,9;22,4;1,7;10,7
05;1273;577;696;0,829;15,3;63,9;20,7;1,7;5,7
06;1143;531;612;0,868;13,9;70,6;15,5;1,9;9,2
07;1010;502;508;0,988;15;71,9;13,1;3,6;8,5
08;1595;754;841;0,897;14,3;72,7;13;2,9;12,8
09;1983;963;1020;0,944;14;65,7;20,4;2,1;6,8
10;1054;520;534;0,974;14,7;65,8;19,4;4,2;12,9
11;1037;469;568;0,826;14,9;60,1;25;2;9,2
12;1455;704;751;0,937;16,6;60,4;23;1,6;10,8
13;626;284;342;0,83;14,2;62;23,8;1,8;6,9
14;876;465;411;1,131;12,3;59,5;28,2;1;9,1
15;1732;805;927;0,868;18;61,5;20,5;2,3;8,3
16;1333;620;713;0,87;16,7;58,4;24,8;1,8;6,4
17;1265;613;652;0,94;17,8;58,8;23,4;1;7,5
18;1298;662;636;1,041;16,8;69,9;13,3;1,8;13,3
19;1159;605;554;1,092;10,4;75,8;13,7;2,8;21,2
20;770;390;380;1,026;12,6;73,2;14,2;2,2;20,3
21;1564;807;757;1,066;15,7;69;15,3;1,9;20,5
22;1342;685;657;1,043;14,5;72,4;13,1;2,9;21,5
24;2006;984;1022;0,963;18,2;59,9;21,9;2,6;21,1
25;2025;971;1054;0,921;19,4;64;16,6;2,5;18,3
26;1408;803;605;1,327;15,1;74,5;10,4;1,6;42,1
28;1101;520;581;0,895;17,8;59,1;23,1;3,5;16,1
29;1697;841;856;0,982;27,5;63,1;9,4;1,8;3,2
30;2233;1120;1113;1,006;23,6;68,5;7,9;1,3;9
31;1228;599;629;0,952;13,9;66,4;19,7;1,5;12,3
32;2150;1033;1117;0,925;18,7;64,6;16,7;1,3;5,4
34;1185;561;624;0,899;19,3;59,2;21,5;0,3;11,9
35;2021;959;1062;0,903;19,4;62,8;17,7;2,6;6,8
36;2185;1061;1124;0,944;15,7;61,4;22,9;0,7;9,6
37;1251;606;645;0,94;18,5;61,6;19,8;1,5;9,8
38;1198;581;617;0,942;17,8;55,6;26,6;1,1;8,3
39;789;362;427;0,848;16,7;53,5;29,8;0,3;4,4
40;2074;1010;1064;0,949;20,6;63,2;16,2;1,1;5,7
41;1381;667;714;0,934;13,7;63,7;22,6;0,7;4,8
42;1350;691;659;1,049;33,3;63,4;3,3;0,3;1,2
43;2053;1051;1002;1,049;30,2;64,2;5,6;0,2;2
44;1077;586;491;1,193;17,2;69,9;12,9;3,6;28,5
45;1398;722;676;1,068;25,1;69;5,9;0,8;3,1
46;1184;581;603;0,964;33,4;62,2;4,5;0,2;2,1
06;00;50970;22893;28077;0,815;16,4;57,4;26,3;1,1;4,7
01;1798;834;964;0,865;18;55,2;26,8;1,8;2,4
02;2020;927;1093;0,848;18,7;54,3;27,1;1;3,9
03;1226;549;677;0,811;17,7;53,6;28,7;1,3;3,8
04;943;415;528;0,786;17,6;58,7;23,6;1,6;2,1
05;1004;468;536;0,873;15,7;58,6;25,7;1,7;3,7
06;780;329;451;0,729;15,1;57,4;27,4;1,8;4,6
07;1355;611;744;0,821;17,8;53,2;29;1;2,4
08;736;331;405;0,817;17,4;59,4;23,2;0,8;1,2
09;1492;641;851;0,753;15,1;56,6;28,2;1,5;3,2
10;1723;830;893;0,929;16,7;62,2;21,1;1,7;4,5
11;859;386;473;0,816;20;52;27,9;1,6;1,5
12;880;411;469;0,876;17,7;55,2;27;0,9;2,6
13;1968;912;1056;0,864;16,2;58,3;25,5;1;3
15;1547;681;866;0,786;15,8;54,3;29,9;0,8;2,7
16;1101;496;605;0,82;18,8;53,6;27,6;0,4;2,5
17;1604;697;907;0,768;16,8;52,7;30,5;0,6;3,4
18;761;346;415;0,834;16,6;56,4;27,1;0,4;2,6
19;729;347;382;0,908;15,8;59,8;24,4;1,4;2,9
20;1233;537;696;0,772;17,3;53,3;29,4;0,2;4,1
21;1231;561;670;0,837;16,8;56,8;26,4;0,9;4,9
22;855;386;469;0,823;18,8;60,5;20,7;0,1;2,8
23;778;349;429;0,814;15,8;57,3;26,9;0,8;4,4
24;837;393;444;0,885;17,2;60,6;22,2;1;3,7
25;1124;490;634;0,773;17,1;60,6;22,3;1;4,4
26;1202;535;667;0,802;16,4;56,5;27,1;0,7;2,6
27;639;296;343;0,863;18,8;53,1;28,2;0,5;2
28;896;417;479;0,871;18;55,1;26,9;1;2,6
29;1281;587;694;0,846;17;59,4;23,6;1,6;5,1
30;1765;862;903;0,955;14,1;64,6;21,2;2,4;19,4
31;976;455;521;0,873;16,7;57,8;25,5;0,5;3,2
32;612;269;343;0,784;14,5;61,9;23,5;0,5;3,1
33;959;437;522;0,837;16;59,6;24,4;1,3;3,1
34;1091;494;597;0,827;15,9;65;19,2;1,5;8,5
35;1280;558;722;0,773;15,2;59,4;25,5;1,5;8,6
36;1061;463;598;0,774;14,9;55,5;29,6;1,3;3,8
37;1017;455;562;0,81;16,2;52,4;31,4;0,2;1,3
38;899;397;502;0,791;15,2;56,2;28,6;0,9;1,1
39;1302;567;735;0,771;10,4;57,1;32,5;0,9;5
41;1637;678;959;0,707;14,9;56,8;28,3;0,9;6,1
42;1145;509;636;0,8;17,3;61,6;21,1;2,4;8,7
43;1011;453;558;0,812;13;61,7;25,3;1,2;9,5
44;944;421;523;0,805;15,8;60,2;24;0,7;8,6
45;1093;453;640;0,708;15,6;56,7;27,7;0,9;6,6
46;1576;660;916;0,721;15,3;56,3;28,4;0,3;7
07;00;48286;22960;25326;0,907;16,4;61,2;22,4;1,2;11,5
01;959;419;540;0,776;10,9;55,2;33,9;0,7;6,6
02;748;334;414;0,807;13,5;54,3;32,2;0,4;10,4
03;1226;547;679;0,806;13,1;56,3;30,6;1,6;13,2
04;929;420;509;0,825;18,5;65,2;16,3;1,5;11,3
05;934;403;531;0,759;15,8;56,6;27,5;0,7;10,2
06;1513;682;831;0,821;16,1;62,1;21,8;1,9;11,9
07;688;305;383;0,796;15,4;55,7;28,9;2;9,7
08;1446;652;794;0,821;15,6;60,9;23,4;1,5;14,2
10;1651;738;913;0,808;15,1;63,1;21,8;1,4;21
12;1056;473;583;0,811;10,7;52,7;36,6;0,5;8
13;2296;1057;1239;0,853;15,9;63,7;20,4;1,3;9,2
14;771;347;424;0,818;13,7;60,6;25,7;0,8;24,4
15;948;461;487;0,947;17,7;62,9;19,4;2,4;25,2
16;1295;599;696;0,861;19,2;63,2;17,5;2,9;9
17;1830;844;986;0,856;13,8;64,9;21,3;1,5;14,5
19;1444;686;758;0,905;17,3;58,6;24,1;1;14,8
21;1249;600;649;0,924;12,7;58,4;29;0,8;9,4
22;1622;758;864;0,877;13,8;65,3;20,9;1,7;8,2
23;1537;737;800;0,921;17,8;62,9;19,3;1,6;12,7
24;1130;525;605;0,868;18,9;61,4;19,6;0,6;13,7
26;1430;675;755;0,894;11,9;54,1;34,1;0,3;9,9
27;1589;765;824;0,928;16,3;59;24,7;2,2;8,9
28;919;461;458;1,007;15,9;62,5;21,7;1,7;10,1
29;1113;541;572;0,946;14,4;62,7;22,9;0,7;12,8
30;1635;772;863;0,895;16;61,9;22,1;2;13
31;627;302;325;0,929;11,3;60,1;28,5;0;8,8
32;1280;591;689;0,858;14;53,3;32,7;0,3;8,6
33;981;469;512;0,916;13,8;60,1;26,1;1,8;13,3
34;1092;557;535;1,041;19,8;65,5;14,7;1,4;16,7
35;1918;957;961;0,996;16,3;60,6;23,1;0,3;6,4
36;741;370;371;0,997;14,2;57,5;28,3;1,1;9,6
37;782;408;374;1,091;16,6;65,5;17,9;0,5;13,7
38;1836;896;940;0,953;17,8;61,8;20,4;0,6;5,6
39;867;471;396;1,189;19,5;63,1;17,4;1,3;20,1
40;921;463;458;1,011;18,3;64,4;17,3;1,5;9,1
41;1952;1050;902;1,164;20,2;68,3;11,5;2,3;13,8
42;1755;868;887;0,979;27,1;62,6;10,3;0,4;4,6
43;1576;757;819;0,924;22,7;64,1;13,2;0,9;6,5
08;00;32253;15150;17103;0,886;15,3;61,1;23,6;1,2;6,2
01;1271;606;665;0,911;17,6;56,9;25,5;1,3;9,9
02;1619;758;861;0,88;16,2;57,6;26,3;0,4;9,6
03;1195;573;622;0,921;11,7;58,6;29,7;1;6,8
04;1280;592;688;0,86;13,9;54,3;31,8;0,8;6,6
05;1185;572;613;0,933;14;57,7;28,3;0,8;7,2
06;920;445;475;0,937;16,6;60;23,4;1,1;5,9
07;1465;723;742;0,974;18,8;65,6;15,6;0,5;6,9
08;1919;930;989;0,94;21,2;64;14,8;1,5;6,4
09;685;333;352;0,946;18;56,8;25,3;2,5;10,9
10;1169;557;612;0,91;15,7;60,1;24,3;2,2;8
12;1197;586;611;0,959;14,3;67,8;18;1,8;5,8
13;1471;723;748;0,967;14,1;61;24,9;2,5;7,4
14;1224;601;623;0,965;17;70,3;12,7;1,5;3,7
15;1926;905;1021;0,886;14,5;67,8;17,7;0,6;4,7
16;2148;1033;1115;0,926;17,5;68,2;14,3;0,7;3,8
18;1523;672;851;0,79;13,7;55,9;30,3;1,2;2,6
19;1582;694;888;0,782;15;58,2;26,7;0,9;7,6
20;1423;622;801;0,777;12,1;54,6;33,3;1,5;6,2
21;1054;486;568;0,856;12,7;63;24,3;0,9;6,6
22;1714;757;957;0,791;10,7;58,2;31,1;0,8;6,7
23;1098;499;599;0,833;12;57,1;30,9;2,2;5,6
24;1854;840;1014;0,828;10,2;59;30,8;0,6;5,3
25;1331;643;688;0,935;25,5;64,8;9,7;1,4;2,5
021;Busturia;01;00;1607;792;815;0,972;17,5;55,8;26,6;1;1,8
01;773;383;390;0,982;18,8;56,3;25;1,3;1,8
02;834;409;425;0,962;16,4;55,4;28,2;0,7;1,8
022;Karrantza Harana/Valle de Carranza;01;00;2806;1439;1367;1,053;14,6;58,1;27,3;0,3;4,7
01;1696;856;840;1,019;15,6;58,6;25,8;0,1;2,7
02;1110;583;527;1,106;13;57,3;29,7;0,6;7,7
023;Artea;01;00;722;369;353;1,045;20,4;57,9;21,7;0,8;3,6
01;722;369;353;1,045;20,4;57,9;21,7;0,8;3,6
024;Zeanuri;01;00;1258;655;603;1,086;19,4;59,2;21,4;2;1,7
01;1258;655;603;1,086;19,4;59,2;21,4;2;1,7
025;Zeberio;01;00;1065;534;531;1,006;18,9;59,6;21,5;1,9;2
01;1065;534;531;1,006;18,9;59,6;21,5;1,9;2
026;Dima;01;00;1431;726;705;1,03;21;60,7;18,4;1,4;1,3
01;1431;726;705;1,03;21;60,7;18,4;1,4;1,3
027;Durango;05;00;29436;14220;15216;0,935;20,1;61,2;18,7;1,8;6,3
01;00;3999;1999;2000;1;20,1;61,1;18,9;2,9;10,2
01;951;495;456;1,086;20,6;63,4;16;3,7;12,2
02;1261;608;653;0,931;20,9;60,3;18,8;1,8;12,8
03;990;509;481;1,058;19,3;60,7;20;4,3;8,4
04;797;387;410;0,944;19,2;59,8;21;2;6
02;00;3122;1523;1599;0,952;20,2;58,6;21,1;1,9;9,1
01;1118;538;580;0,928;21,1;62,1;16,8;3,6;15,9
02;1085;541;544;0,994;17,9;53,8;28,3;0,9;7,2
03;919;444;475;0,935;22;60,2;17,8;1,1;2,9
03;00;3831;1874;1957;0,958;21,9;62,2;15,9;1,6;7,8
01;2150;1004;1146;0,876;23,3;60;16,6;1,1;4
02;1681;870;811;1,073;20,1;65;14,9;2,3;12,7
04;00;11540;5512;6028;0,914;19,2;61,1;19,7;1,4;4,6
01;1989;962;1027;0,937;21,5;61,2;17,3;0,9;1,8
02;1581;754;827;0,912;16,3;60,1;23,6;1,3;5,8
03;1717;817;900;0,908;14,6;55,4;30;2,3;8,9
04;1867;867;1000;0,867;18,9;61,9;19,2;1,7;5,8
05;1951;941;1010;0,932;21,1;65,1;13,8;0,9;2,7
06;1236;594;642;0,925;15,4;60,1;24,5;1,9;5,4
07;1199;577;622;0,928;26,9;63,5;9,7;0,8;2,2
05;00;6944;3312;3632;0,912;20,7;61,9;17,5;1,7;4,6
01;796;356;440;0,809;15,6;52,6;31,8;0,9;5,5
02;2664;1285;1379;0,932;23,7;63,4;12,9;2,4;4,7
03;2175;1046;1129;0,926;20;64,1;15,9;1,4;3,9
04;1309;625;684;0,914;18,7;60,6;20,7;1,5;4,7
028;Ea;01;00;848;447;401;1,115;13;60,6;26,4;1,5;4,5
01;848;447;401;1,115;13;60,6;26,4;1,5;4,5
029;Etxebarri;01;00;11338;5654;5684;0,995;24,7;61;14,3;0,4;2,9
01;1936;930;1006;0,924;27;60,4;12,6;0,6;2,1
02;2209;1078;1131;0,953;26;58,6;15,4;0,2;2,5
03;1083;531;552;0,962;19,4;59,7;20,9;1;5,1
04;958;488;470;1,038;18,4;61,3;20,4;0,3;3,9
05;1971;1008;963;1,047;26,2;57,7;16;0,2;4,4
06;1504;757;747;1,013;21;67,7;11,3;0,5;2,1
07;1677;862;815;1,058;28,7;63,2;8,1;0,4;1,1
030;Etxebarria;01;00;751;363;388;0,936;17,3;60,6;22,1;1,3;9,2
01;751;363;388;0,936;17,3;60,6;22,1;1,3;9,2
031;Elantxobe;01;00;362;183;179;1,022;10,8;55,2;34;1,1;1,1
01;362;183;179;1,022;10,8;55,2;34;1,1;1,1
032;Elorrio;01;00;7441;3670;3771;0,973;19,5;58,2;22,3;0,8;5,6
01;2134;1051;1083;0,97;21;57,4;21,6;0,2;3,6
02;1764;870;894;0,973;17,6;58,6;23,9;1,4;8
03;1958;961;997;0,964;20;59,4;20,6;0,9;5,9
04;859;444;415;1,07;21,1;57,3;21,7;1;7
05;726;344;382;0,901;16,5;57,7;25,8;0,8;2,8
033;Ereño;01;00;264;144;120;1,2;15,5;54,2;30,3;4,5;0,8
01;264;144;120;1,2;15,5;54,2;30,3;4,5;0,8
034;Ermua;01;00;16039;7968;8071;0,987;17,3;57,9;24,8;0,9;5,9
01;1217;608;609;0,998;15,4;54,2;30,4;0,7;8,8
02;1122;541;581;0,931;18,7;56;25,3;2;7,9
03;1589;762;827;0,921;13,5;58,1;28,4;1;7,7
04;1980;994;986;1,008;22,6;60,5;16,9;0,8;6,4
05;1037;533;504;1,058;17,5;59,6;23;1,1;8,5
06;1480;763;717;1,064;15,5;62;22,5;1,4;6,2
07;1468;697;771;0,904;18;55,4;26,6;1;5,3
08;1886;924;962;0,96;16,7;55,3;28;0,3;4,6
09;1483;748;735;1,018;17,8;57,6;24,6;1,1;4,1
10;1192;586;606;0,967;13,3;55,6;31;0,4;4,2
11;1585;812;773;1,05;19,2;61;19,7;0,3;2,8
035;Fruiz;01;00;543;270;273;0,989;23,4;59,7;16,9;1,1;3,9
01;543;270;273;0,989;23,4;59,7;16,9;1,1;3,9
036;Galdakao;04;00;29389;14496;14893;0,973;17,3;61,3;21,4;1,3;2,6
01;00;22249;10906;11343;0,961;16,5;61,3;22,2;1,3;2,4
01;996;468;528;0,886;16,7;55,1;28,2;2,1;1,9
02;868;419;449;0,933;14,1;56,1;29,8;1,4;1,7
03;1142;557;585;0,952;18,9;62,2;18,9;2,2;2,5
04;1401;678;723;0,938;15,1;61;23,8;1,6;3,1
05;1238;641;597;1,074;19,1;64,9;16;2,6;3,3
06;2128;1041;1087;0,958;21,1;61,5;17,5;2,2;3,3
07;1697;890;807;1,103;22,5;65,6;11,8;0,9;1,9
08;1044;503;541;0,93;16,7;57,2;26,1;0,8;1,9
09;1390;687;703;0,977;15;56,8;28,2;1,2;3,5
10;1807;890;917;0,971;14,7;61,5;23,9;1,1;1,4
11;1200;566;634;0,893;13,8;57,9;28,3;0,6;1,8
12;1338;655;683;0,959;10,8;64,1;25,2;0,3;2,3
13;867;393;474;0,829;14,6;56,4;29;2;4
14;1352;643;709;0,907;10,5;67,5;22;1;1,8
15;1005;517;488;1,059;19,1;60,1;20,8;0,4;1,6
16;773;361;412;0,876;13,8;54,6;31,6;1,7;3,2
17;821;395;426;0,927;16,2;69,9;13,9;1,3;1,9
18;1182;602;580;1,038;19,9;64,6;15,6;0,6;1,2
02;00;1814;920;894;1,029;21,7;60,5;17,9;2;4,1
01;1814;920;894;1,029;21,7;60,5;17,9;2;4,1
03;00;682;367;315;1,165;17,7;58,9;23,3;0,4;7,3
01;682;367;315;1,165;17,7;58,9;23,3;0,4;7,3
04;00;4644;2303;2341;0,984;19,3;61,8;18,9;0,9;2,6
01;1071;522;549;0,951;21,8;64,2;14;0,7;1,7
02;1543;752;791;0,951;16,6;61;22,4;1,4;1,9
03;2030;1029;1001;1,028;20;61,2;18,8;0,6;3,7
037;Galdames;01;00;836;432;404;1,069;17,2;59,8;23;1;1,1
01;836;432;404;1,069;17,2;59,8;23;1;1,1
038;Gamiz-Fika;01;00;1374;658;716;0,919;15,9;64,1;19,9;0,8;1,8
01;1374;658;716;0,919;15,9;64,1;19,9;0,8;1,8
039;Garai;01;00;324;158;166;0,952;23,8;59;17,3;0;2,2
01;324;158;166;0,952;23,8;59;17,3;0;2,2
040;Gatika;01;00;1648;828;820;1,01;21,8;57,5;20,7;0,9;1,7
01;1648;828;820;1,01;21,8;57,5;20,7;0,9;1,7
041;Gautegiz Arteaga;01;00;854;440;414;1,063;15,8;63,6;20,6;2;3,4
01;854;440;414;1,063;15,8;63,6;20,6;2;3,4
042;Gordexola;01;00;1724;897;827;1,085;17,4;61,5;21,1;2;2,8
01;1724;897;827;1,085;17,4;61,5;21,1;2;2,8
043;Gorliz;01;00;5825;2835;2990;0,948;20,3;62;17,8;1,5;3
01;1975;966;1009;0,957;20,2;62,5;17,3;1,8;3,9
02;1529;749;780;0,96;19,4;61,1;19,5;0,8;2,7
03;2321;1120;1201;0,933;20,9;62,1;17;1,7;2,5
044;Getxo;03;00;77088;35944;41144;0,874;17,2;57,9;24,8;1,5;5
01;00;13543;6453;7090;0,91;17,8;59,4;22,9;1,5;3
01;1054;509;545;0,934;19,3;54,6;26,1;2;1,8
02;1312;587;725;0,81;15,8;57,7;26,5;2,1;5,1
03;1461;714;747;0,956;17;64,5;18,5;2,1;3,3
04;1809;840;969;0,867;18,4;57,4;24,2;1;2,8
05;1517;736;781;0,942;17,7;58,7;23,6;1,1;2
06;1158;548;610;0,898;15,7;58;26,3;1,9;4,7
07;1475;725;750;0,967;15,7;64,9;19,4;1,3;4,2
08;1505;711;794;0,895;17,1;55,9;26,9;1,2;2,5
09;2252;1083;1169;0,926;21;60,5;18,5;1,1;1,5
02;00;37645;17600;20045;0,878;17,7;58,7;23,6;1,9;4,7
01;1846;870;976;0,891;18;55,7;26,2;1,6;1,5
02;843;402;441;0,912;18,9;59,9;21,2;2,8;1,4
03;1450;636;814;0,781;16,3;57,7;26,1;0,7;4,9
04;760;348;412;0,845;15,9;57,4;26,7;1,8;5,9
05;1038;467;571;0,818;15,3;59,5;25,1;1,2;10,6
06;1392;645;747;0,863;17,4;62,4;20,3;2,9;7
07;1555;729;826;0,883;18,2;60,6;21,2;4,5;7,5
08;1405;667;738;0,904;16,9;61,5;21,6;3,1;6,5
09;1279;615;664;0,926;17,5;58,5;24;1,7;3,8
10;1604;738;866;0,852;20,3;59,9;19,9;1,4;5,1
11;1215;585;630;0,929;17,1;68,1;14,7;1,3;6,3
12;1475;672;803;0,837;20,1;59,7;20,3;1,9;6,1
13;1379;660;719;0,918;11,5;54;34,5;0,4;2,1
14;1134;531;603;0,881;18,1;60,6;21,3;2,7;5,2
15;1343;644;699;0,921;21,5;63,2;15,3;1,3;2,8
16;914;423;491;0,862;16,1;55,5;28,4;1,4;2,3
17;928;441;487;0,906;15;56,8;28,2;2;5,8
18;906;439;467;0,94;18,4;61,1;20,4;1,1;4,2
19;1799;824;975;0,845;16,8;56,5;26,6;1,6;3,8
20;1439;679;760;0,893;15,9;60,5;23,6;3,6;7,1
21;1272;589;683;0,862;16,7;53,1;30,2;2;2
22;1279;581;698;0,832;15,4;54,4;30,2;2,3;5,6
23;961;452;509;0,888;19,5;57;23,5;0,6;5,4
24;889;402;487;0,825;18,4;53;28,6;1,5;6,1
25;838;386;452;0,854;18,7;57,5;23,7;1,6;6
26;1044;508;536;0,948;18,5;56,1;25,4;1,9;0,8
27;686;314;372;0,844;14,7;59,8;25,5;0,3;2,8
28;754;337;417;0,808;18,4;57,7;23,9;1,7;3,8
29;725;340;385;0,883;16,6;62,1;21,4;2,3;10,2
30;1360;663;697;0,951;19,2;57,6;23,2;0,9;2,4
31;1040;491;549;0,894;22,2;58,5;19,3;2;4,4
32;1093;522;571;0,914;21,8;61,8;16,4;1,6;3
03;00;25900;11891;14009;0,849;16,3;56,1;27,6;0,9;6,5
01;1050;512;538;0,952;19,1;54,8;26,1;0,5;2,1
02;952;431;521;0,827;16,6;48,1;35,3;0,5;3,3
03;1099;492;607;0,811;18,7;52,8;28,6;0,5;4,1
04;1705;785;920;0,853;15,9;55,4;28,7;0,8;3,8
05;1822;852;970;0,878;19,2;58,1;22,7;0,4;6,5
06;1116;522;594;0,879;15,7;55,7;28,6;0,7;7,2
07;737;334;403;0,829;16,7;66,6;16,7;2,8;16,7
08;1277;582;695;0,837;19;64,8;16,1;0,5;13,6
09;1181;519;662;0,784;19;55,5;25,6;1,1;3,9
10;1290;626;664;0,943;12;57;31;0,6;2,2
11;826;368;458;0,803;14,6;53,6;31,7;1,1;4,1
12;728;339;389;0,871;14;61;25;0;12,9
13;1391;617;774;0,797;15,7;52;32,3;0,6;4,1
14;1113;531;582;0,912;16,3;57,1;26,6;1,7;4,9
15;853;384;469;0,819;18,9;55,5;25,7;0,9;5
16;855;387;468;0,827;16,7;54,4;28,9;0,8;11,8
17;1167;550;617;0,891;12,6;51,8;35,6;0,5;2,7
19;982;426;556;0,766;17;62,1;20,9;1,9;18,2
20;751;315;436;0,722;17,4;59,4;23,2;2;12,5
21;727;325;402;0,808;12,9;52,4;34,7;0,8;7,6
22;1046;482;564;0,855;13,3;53,3;33,4;0,7;2,5
23;899;441;458;0,963;15,9;58,5;25,6;1,2;1,7
24;759;346;413;0,838;17,1;60,7;22,1;1,1;13,8
25;898;398;500;0,796;15,8;53,1;31,1;1,3;5,5
26;676;327;349;0,937;15,8;50;34,2;1,3;3,6
045;Güeñes;02;00;6564;3175;3389;0,937;19,4;61;19,6;1,8;5
01;00;1770;861;909;0,947;22,2;63,2;14,6;1,3;5,4
01;1770;861;909;0,947;22,2;63,2;14,6;1,3;5,4
02;00;4794;2314;2480;0,933;18,4;60,1;21,4;2;4,8
01;1128;545;583;0,935;16,8;59;24,2;1,9;6,1
02;1349;638;711;0,897;19,3;58;22,7;1,3;3,3
03;1609;795;814;0,977;19,5;62,4;18,1;2,4;4,9
04;708;336;372;0,903;16,8;61;22,2;2,3;5,1
046;Gernika-Lumo;02;00;16725;8014;8711;0,92;19,7;57,4;22,9;6,5;4,2
01;00;12411;5937;6474;0,917;19,6;57,7;22,6;6,1;4,4
01;1532;739;793;0,932;17,4;56,2;26,4;6,1;4,1
02;1146;540;606;0,891;18,4;55;26,6;9,6;8,4
03;1230;562;668;0,841;17,5;56,7;25,9;6,8;6,2
04;1594;786;808;0,973;24,7;63,7;11,6;2,4;2,8
05;1405;643;762;0,844;19,1;52,5;28,3;6,3;5,6
06;1121;543;578;0,939;18,2;54,1;27,7;6;4,8
07;1919;920;999;0,921;16,6;60;23,4;7,6;3,7
08;840;389;451;0,863;15,6;57,1;27,3;8,2;3,1
09;1624;815;809;1,007;26,5;60,5;12,9;3,4;2,2
02;00;4314;2077;2237;0,928;19,8;56,6;23,6;7,7;3,5
01;1847;902;945;0,954;20,1;55,3;24,6;4,8;2,8
02;1288;601;687;0,875;18,6;58,9;22,4;12,3;4,7
03;1179;574;605;0,949;20,7;56,1;23,2;7,3;3,5
047;Gizaburuaga;01;00;210;111;99;1,121;23,3;61,4;15,2;1;8,1
01;210;111;99;1,121;23,3;61,4;15,2;1;8,1
048;Ibarrangelu;01;00;625;320;305;1,049;13,3;64,5;22,2;0,8;1,8
01;625;320;305;1,049;13,3;64,5;22,2;0,8;1,8
049;Ispaster;01;00;741;394;347;1,135;22,5;56;21,5;2,8;4
01;741;394;347;1,135;22,5;56;21,5;2,8;4
050;Izurtza;01;00;289;182;107;1,701;21,8;59,2;19;0,7;13,1
01;289;182;107;1,701;21,8;59,2;19;0,7;13,1
051;Lanestosa;01;00;276;155;121;1,281;12;65,2;22,8;0;4
01;276;155;121;1,281;12;65,2;22,8;0;4
052;Larrabetzu;01;00;2053;990;1063;0,931;23,2;58,8;18;0,5;2,3
01;2053;990;1063;0,931;23,2;58,8;18;0,5;2,3
053;Laukiz;01;00;1165;568;597;0,951;23,8;56,3;19,9;2,4;2,1
01;1165;568;597;0,951;23,8;56,3;19,9;2,4;2,1
054;Leioa;03;00;31188;15133;16055;0,943;19,8;60,9;19,3;1;4,3
01;00;12225;5860;6365;0,921;19,2;61,7;19,1;0,8;4,1
01;2149;1029;1120;0,919;19,3;64,5;16,2;0,7;2,2
02;1684;787;897;0,877;16,9;58,9;24,2;1;5,6
03;1435;704;731;0,963;17,5;61,2;21,3;1,2;5,2
04;668;322;346;0,931;17,8;63;19,2;0;4,6
05;821;381;440;0,866;17,4;56,8;25,8;1,2;6,2
06;1084;537;547;0,982;20,9;55,7;23,3;0,7;1,5
07;1552;751;801;0,938;17,1;61,9;21;0,6;5
08;1647;778;869;0,895;23;66;11,1;1,2;4,9
09;1185;571;614;0,93;22,2;63,4;14,4;0,5;2
02;00;4538;2157;2381;0,906;17,5;58,1;24,5;1,3;8,6
01;1868;901;967;0,932;21,2;61,7;17,1;1,6;6,3
02;1451;671;780;0,86;14,7;56,2;29,2;1,2;10,3
03;1219;585;634;0,923;15,1;54,8;30,1;0,8;10,2
03;00;14425;7116;7309;0,974;21,2;61;17,8;1;3,1
01;1944;962;982;0,98;19,7;66,2;14,2;1,4;3,3
02;1491;748;743;1,007;23,9;60,8;15,3;0,6;1,8
03;2428;1164;1264;0,921;24,6;63,5;11,9;1,2;3,8
04;935;456;479;0,952;15,3;52,4;32,3;0,2;4,7
05;1036;525;511;1,027;20,8;58,2;20,9;1,2;5,4
06;983;475;508;0,935;11,8;52,2;36;0,7;5,2
07;1755;865;890;0,972;19,9;60,7;19,3;0,7;3,3
08;2512;1250;1262;0,99;24,1;61,6;14,3;1,3;1,4
09;1341;671;670;1,001;21,3;62,9;15,8;0,7;1,6
055;Lemoa;01;00;3610;1816;1794;1,012;20,7;62,6;16,8;4,3;4
01;941;479;462;1,037;17,2;60,9;21,9;7,5;6,3
02;1660;849;811;1,047;24;61,3;14,6;3,1;3,7
03;1009;488;521;0,937;18,3;66,2;15,5;3,4;2,6
056;Lemoiz;01;00;1238;664;574;1,157;20,8;64,1;15,2;1,1;1,5
01;1238;664;574;1,157;20,8;64,1;15,2;1,1;1,5
057;Lekeitio;02;00;7246;3578;3668;0,975;18,1;57,4;24,5;1,4;5,9
01;00;1681;837;844;0,992;14,9;57,1;28;1,7;7,6
01;784;389;395;0,985;15,6;59,9;24,5;1,3;9,4
02;897;448;449;0,998;14,4;54,6;31;2,1;5,9
02;00;5565;2741;2824;0,971;19;57,5;23,4;1,3;5,3
01;715;345;370;0,932;18;58,5;23,5;0,8;8,4
02;1137;543;594;0,914;16,9;54,9;28,2;1,6;3
03;1138;540;598;0,903;19,5;54,8;25,7;1,8;4,7
04;1236;628;608;1,033;18,2;57,4;24,4;1;4,2
05;1339;685;654;1,047;21,8;61,6;16,6;1;7,2
058;Mallabia;01;00;1174;599;575;1,042;16,5;59,6;23,9;2;1,4
01;1174;599;575;1,042;16,5;59,6;23,9;2;1,4
059;Mañaria;01;00;516;263;253;1,04;19;60,7;20,3;4,1;1,2
01;516;263;253;1,04;19;60,7;20,3;4,1;1,2
060;Markina-Xemein;01;00;4964;2543;2421;1,05;20,4;58,1;21,6;2,9;9,5
01;1717;876;841;1,042;20,8;58,5;20,7;1,7;10,5
02;1928;986;942;1,047;21,8;57,9;20,2;4,5;8,4
03;1319;681;638;1,067;17,7;57,7;24,6;2;9,6
061;Maruri- Jatabe;01;00;928;474;454;1,044;19,7;60,7;19,6;0,9;1,7
01;928;474;454;1,044;19,7;60,7;19,6;0,9;1,7
062;Mendata;01;00;408;217;191;1,136;20,6;56,9;22,5;2,9;4,2
01;408;217;191;1,136;20,6;56,9;22,5;2,9;4,2
063;Mendexa;01;00;485;240;245;0,98;17,1;60,6;22,3;1,4;3,1
01;485;240;245;0,98;17,1;60,6;22,3;1,4;3,1
064;Meñaka;01;00;713;367;346;1,061;19,6;56,2;24,1;0,1;1,3
01;713;367;346;1,061;19,6;56,2;24,1;0,1;1,3
065;Ugao-Miraballes;01;00;4114;2092;2022;1,035;18,4;60,7;20,8;1,2;4,3
01;1359;695;664;1,047;21,2;61,4;17,4;0,7;5,4
02;720;365;355;1,028;13,9;54;32,1;2,2;2,5
03;867;438;429;1,021;16,4;61,4;22,3;1,4;5,1
04;1168;594;574;1,035;19,5;63,7;16,8;1,1;3,3
066;Morga;01;00;391;198;193;1,026;14,8;58,6;26,6;1,3;2,6
01;391;198;193;1,026;14,8;58,6;26,6;1,3;2,6
067;Muxika;01;00;1482;753;729;1,033;21,8;57,5;20,7;1,5;5,1
01;1482;753;729;1,033;21,8;57,5;20,7;1,5;5,1
068;Mundaka;01;00;1844;881;963;0,915;16,1;57,2;26,8;1,1;2,4
01;1844;881;963;0,915;16,1;57,2;26,8;1,1;2,4
069;Mungia;02;00;17349;8412;8937;0,941;22,3;61,2;16,5;1,4;6,3
01;00;13440;6456;6984;0,924;22,4;61,3;16,4;1,4;7,4
01;1832;873;959;0,91;20,6;61,1;18,3;1,3;7,2
02;2229;1039;1190;0,873;21,2;61,2;17,6;2,3;10,2
03;2272;1102;1170;0,942;23,2;60,8;15,9;1;6
04;1723;858;865;0,992;23,9;60,5;15,6;1,6;5,7
05;931;434;497;0,873;22,4;60,4;17,2;1,6;6,7
06;1371;664;707;0,939;19,3;61,8;19;0,6;12,3
07;1185;575;610;0,943;24,9;62,4;12,7;1,8;4,6
08;1897;911;986;0,924;23,6;62,3;14,1;1,3;5,8
02;00;3909;1956;1953;1,002;22,2;61;16,8;1,4;2,6
01;1282;674;608;1,109;21,5;64,1;14,4;0,8;1,7
02;1243;600;643;0,933;22,4;57;20,5;1,7;3
03;1384;682;702;0,972;22,6;61,7;15,7;1,6;3,1
070;Aulesti;01;00;665;328;337;0,973;19,1;53,5;27,4;0,3;3,2
01;665;328;337;0,973;19,1;53,5;27,4;0,3;3,2
071;Muskiz;02;00;7456;3671;3785;0,97;19;61,4;19,6;0,5;2,9
01;00;6376;3126;3250;0,962;19,1;61,4;19,5;0,5;3,1
01;749;349;400;0,873;16;51,3;32,7;0,8;3,7
02;1511;720;791;0,91;17,7;57,4;24,9;0,9;3,9
03;1388;677;711;0,952;14,3;55,8;29,8;0,6;3,7
04;1777;909;868;1,047;22,6;70,1;7,3;0,2;2,6
05;951;471;480;0,981;24,2;67,5;8,3;0,1;1,3
02;00;1080;545;535;1,019;18,4;61,7;19,9;0,6;1,6
01;1080;545;535;1,019;18,4;61,7;19,9;0,6;1,6
072;Otxandio;01;00;1337;672;665;1,011;21,5;57;21,5;1;8
01;1337;672;665;1,011;21,5;57;21,5;1;8
073;Ondarroa;03;00;8590;4345;4245;1,024;15,6;59,5;24,9;1,6;6,1
01;00;3355;1657;1698;0,976;14;59,5;26,5;2,1;6,7
01;1428;737;691;1,067;15,1;62,2;22,8;2,6;8,1
02;945;461;484;0,952;14,3;58,6;27,1;2,1;7,2
03;982;459;523;0,878;12,1;56,4;31,5;1,2;4,2
02;00;4236;2177;2059;1,057;17;59,4;23,6;1,4;5,5
01;649;335;314;1,067;15,4;57,8;26,8;1,8;6,5
02;1653;820;833;0,984;19,1;57,8;23,2;1;3,6
03;1934;1022;912;1,121;15,8;61,4;22,8;1,6;6,9
03;00;999;511;488;1,047;14,7;59,8;25,5;0,7;6,2
01;999;511;488;1,047;14,7;59,8;25,5;0,7;6,2
074;Urduña/Orduña;02;00;4274;2250;2024;1,112;20,7;58;21,3;0,4;7,9
01;00;2342;1230;1112;1,106;17,3;61,6;21,1;0,3;6,7
01;1130;610;520;1,173;17,6;64,8;17,6;0,4;7,9
02;1212;620;592;1,047;17,1;58,7;24,3;0,2;5,6
02;00;1932;1020;912;1,118;24,7;53,7;21,6;0,5;9,4
01;1932;1020;912;1,118;24,7;53,7;21,6;0,5;9,4
075;Orozko;01;00;2613;1287;1326;0,971;20,4;59,3;20,3;2,9;2,4
01;1271;624;647;0,964;21,7;59,2;19,1;3;2,8
02;1342;663;679;0,976;19,2;59,5;21,4;2,8;2,1
076;Sukarrieta;01;00;336;168;168;1;13,4;54,8;31,8;0,9;1,5
01;336;168;168;1;13,4;54,8;31,8;0,9;1,5
077;Plentzia;01;00;4363;2132;2231;0,956;19,2;63,1;17,7;2;4,4
01;1940;956;984;0,972;20,6;63,3;16,1;2,1;3,6
02;2423;1176;1247;0,943;18,1;63;18,9;1,9;5,2
078;Portugalete;05;00;46191;22096;24095;0,917;14,9;57,9;27,2;1,1;4,2
01;00;10299;4829;5470;0,883;14,4;57,5;28,1;0,9;4,7
01;967;455;512;0,889;14,4;63,8;21,8;0,4;4,8
02;1069;506;563;0,899;15,7;56,7;27,6;0,6;3
03;1279;574;705;0,814;15;56,8;28,2;1,2;3,4
04;892;428;464;0,922;16;57,8;26,1;1,3;4,8
05;645;301;344;0,875;11,9;55,3;32,7;0,6;5,3
06;1512;706;806;0,876;13,3;56,7;30;0,6;5,2
07;775;364;411;0,886;17,3;57,5;25,2;1,8;10,6
08;1223;579;644;0,899;16,5;61;22,5;1,6;7
09;1937;916;1021;0,897;11,5;54,3;34,2;0,7;1,8
02;00;9689;4640;5049;0,919;12,6;56;31,3;1,2;3,3
01;1208;593;615;0,964;14,4;58,1;27,5;1,6;2,7
02;835;394;441;0,893;16,3;56,2;27,5;0,7;2,8
03;898;422;476;0,887;10,5;47,1;42,4;0;2,6
04;785;378;407;0,929;12,9;58,3;28,8;0,3;4,6
05;857;395;462;0,855;16,9;55,7;27,4;2,6;7,9
06;1343;653;690;0,946;12,1;57,3;30,6;1;3,1
07;596;275;321;0,857;9,1;52,3;38,6;1,7;1,7
08;1155;553;602;0,919;12,2;55;32,8;1,7;2,7
09;777;364;413;0,881;13,9;50,2;35,9;2,7;5,4
10;1235;613;622;0,986;8,9;64;27;0,2;0,9
03;00;12809;6016;6793;0,886;14;57,1;28,8;1,4;5,8
01;897;409;488;0,838;15,2;63,1;21,7;0,3;3,3
02;774;385;389;0,99;16,1;61;22,9;1;7,2
03;1217;569;648;0,878;13,1;51,7;35,2;1,2;4,2
04;904;421;483;0,872;14,9;62,5;22,6;0,3;7,7
05;1053;489;564;0,867;14,5;57,3;28,2;1,6;5,8
06;1087;514;573;0,897;14,2;60,7;25,1;1,8;5,4
07;1129;537;592;0,907;15;56,4;28,6;2,7;5,4
08;1143;558;585;0,954;11,8;55,9;32,3;1,4;7,3
09;1235;542;693;0,782;12,7;55,5;31,7;3,2;4,5
10;811;390;421;0,926;14,9;59,8;25,3;2,3;9,2
11;977;452;525;0,861;14,6;57;28,4;0,6;9,6
12;1582;750;832;0,901;13,2;51,7;35,1;0,4;2,7
04;00;8704;4276;4428;0,966;16,7;58,8;24,5;0,7;3,1
01;887;412;475;0,867;10,5;53,2;36,3;0,6;2,9
02;981;489;492;0,994;14,6;56,1;29,4;1,2;4,4
03;1691;862;829;1,04;23;63;14;0,4;1,1
04;1075;519;556;0,933;11,7;53,4;34,9;1;3,6
05;1605;781;824;0,948;19,1;59,5;21,4;0,4;0,4
06;1145;566;579;0,978;15,4;61,1;23,5;1,2;6,6
07;1320;647;673;0,961;16,5;60,8;22,7;0,5;4,3
05;00;4690;2335;2355;0,992;19,9;63,4;16,7;0,9;2,5
01;2523;1282;1241;1,033;20,2;65,7;14,1;1,3;2
02;2167;1053;1114;0,945;19,6;60,8;19,6;0,6;3,1
079;Errigoiti;01;00;484;266;218;1,22;16,3;57,9;25,8;1,9;0,8
01;484;266;218;1,22;16,3;57,9;25,8;1,9;0,8
080;Valle de Trápaga-Trapagaran;02;00;11875;5713;6162;0,927;16,8;59,9;23,3;0,6;2,2
01;00;11097;5327;5770;0,923;17;59,7;23,4;0,6;2,3
01;1360;652;708;0,921;13,9;61,9;24,2;0,5;0,7
02;1095;536;559;0,959;18,5;61,2;20,3;0,3;3,6
03;979;466;513;0,908;15,8;55,5;28,7;1;3
04;1126;530;596;0,889;15,5;57,5;26,9;0,4;1,7
05;595;293;302;0,97;16,3;58,5;25,2;0,5;3,4
06;1049;525;524;1,002;21;64,3;14,7;0,5;3,9
07;998;483;515;0,938;22,8;60,6;16,5;0,5;1,1
08;998;466;532;0,876;15,5;58,3;26,2;0,8;1,4
09;1501;709;792;0,895;16,5;59,2;24,4;0,1;3,4
10;1396;667;729;0,915;15,3;58,7;26,1;1;1,3
02;00;778;386;392;0,985;14,1;64;21,9;0,9;0,8
01;778;386;392;0,985;14,1;64;21,9;0,9;0,8
081;Lezama;01;00;2383;1157;1226;0,944;20;60,4;19,6;1,7;3,1
01;2383;1157;1226;0,944;20;60,4;19,6;1,7;3,1
082;Santurtzi;05;00;45690;21932;23758;0,923;16,7;59,9;23,4;1,1;3,8
01;00;21036;10070;10966;0,918;16;60,1;23,9;0,9;4,4
01;1331;605;726;0,833;15,5;53,4;31,1;0,5;2,4
02;1173;553;620;0,892;14,2;56,8;29,1;0,7;4,9
03;1157;542;615;0,881;15,7;56,9;27,4;1,8;2,6
04;1335;644;691;0,932;14,8;60;25,2;1,5;5,8
05;1423;654;769;0,85;16,9;57,5;25,7;1,1;6,5
06;1667;776;891;0,871;16,9;60,3;22,8;0,7;3,4
07;1327;653;674;0,969;15;59,8;25,2;1,9;5,1
08;591;296;295;1,003;11,5;57,7;30,8;0,3;4,4
09;1552;727;825;0,881;16,8;58,6;24,5;0,5;3,2
10;1324;633;691;0,916;15,3;62,9;21,8;0,7;7,7
11;1489;731;758;0,964;16,4;62,2;21,4;1,9;6
12;1208;566;642;0,882;18,4;64;17,6;0,4;5,8
13;754;367;387;0,948;18,6;61,5;19,9;2,1;4
14;1888;962;926;1,039;18,3;69,8;12;0,3;2
16;1079;510;569;0,896;12,5;52,7;34,8;0,3;3,1
17;769;378;391;0,967;11,3;56,7;32;0;1,7
18;969;473;496;0,954;19,3;63,6;17,1;1,1;5,7
02;00;7856;3749;4107;0,913;14,5;57,2;28,3;1,6;3,4
01;1032;517;515;1,004;15,6;62,3;22,1;1;4,5
03;1406;684;722;0,947;15,9;59;25,2;2,6;5
04;765;366;399;0,917;16,6;57,4;26;2,9;4,4
05;1383;687;696;0,987;11,1;58,4;30,5;0,3;1,5
06;1087;486;601;0,809;15,5;59;25,5;0,7;3,9
07;1066;489;577;0,847;16;57;26,9;1,6;3,5
08;1117;520;597;0,871;11,9;47,1;41;2,4;1,6
03;00;9509;4567;4942;0,924;18;59,5;22,5;0,8;2,4
01;1107;530;577;0,919;12,3;56,5;31,3;0,6;3,6
02;823;383;440;0,87;15,3;61,1;23,6;1,3;4,9
03;1796;871;925;0,942;26,7;61,9;11,5;0,4;0,5
04;1370;639;731;0,874;18,7;57,3;24;0,9;1,8
05;1382;684;698;0,98;15,2;62,8;22;0,4;2
06;1062;518;544;0,952;16,8;56,2;27;1,1;3
07;814;370;444;0,833;15,5;56,9;27,6;1,2;4,5
08;1155;572;583;0,981;17,2;61,3;21,5;0,5;1,3
04;00;5980;2908;3072;0,947;20;62,4;17,7;1,2;3,4
01;1035;504;531;0,949;19,1;62,4;18,5;2;5,7
02;707;347;360;0,964;16,5;60;23,5;1;7,4
03;1713;817;896;0,912;17,9;62,8;19,3;1,9;2,5
04;1101;535;566;0,945;18,7;64,4;16,9;0,1;2,1
05;1424;705;719;0,981;25,7;61,4;12,9;0,6;1,9
05;00;1309;638;671;0,951;16,7;65,1;18,3;1,8;7,6
01;1309;638;671;0,951;16,7;65,1;18,3;1,8;7,6
083;Ortuella;02;00;8350;4041;4309;0,938;16,5;61,5;22;0,5;2,7
01;00;7260;3518;3742;0,94;16,7;61,3;22;0,5;2,9
01;1077;535;542;0,987;14,7;64,8;20,5;0,7;3,6
02;1776;864;912;0,947;16,1;58,5;25,4;0,2;2,6
03;899;412;487;0,846;16,6;58,3;25,1;0,7;5,9
04;1927;937;990;0,946;20,2;63,9;15,8;0,9;1,9
05;1581;770;811;0,949;14,4;60,5;25,1;0,3;2,3
02;00;1090;523;567;0,922;15,6;62,7;21,7;0,2;1,1
01;1090;523;567;0,922;15,6;62,7;21,7;0,2;1,1
084;Sestao;04;00;27146;13029;14117;0,923;15,9;58,6;25,5;1;6,7
01;00;9128;4268;4860;0,878;14,1;55,7;30,2;0,4;5,3
01;1506;728;778;0,936;14,8;59,8;25,4;0,6;5
02;1317;594;723;0,822;16,1;57,3;26,7;0;5,8
03;1312;579;733;0,79;11,7;54;34,4;0,5;5,3
04;1218;587;631;0,93;14;56,9;29,1;0,4;5,4
05;647;316;331;0,955;13,3;53,3;33,4;0,2;3,4
06;1153;545;608;0,896;14,2;57,8;27,9;1;5,2
07;1086;502;584;0,86;13,4;51,9;34,7;0,4;4,4
08;889;417;472;0,883;14,6;51,2;34,2;0;7
02;00;5958;2932;3026;0,969;16;60,1;23,9;1,1;7,3
01;1112;587;525;1,118;17,4;65,7;16,8;0,8;12,8
02;1046;499;547;0,912;18,2;64,5;17,3;1,5;7,6
03;1066;528;538;0,981;16;53,8;30,1;1,5;8
04;1088;530;558;0,95;16,5;61,4;22,2;0,8;5
05;944;457;487;0,938;13,8;59,1;27,1;0,6;4
06;702;331;371;0,892;12,8;53,3;33,9;1,4;4,8
03;00;5625;2754;2871;0,959;18,5;62,7;18,8;1,5;9,5
01;922;427;495;0,863;18,1;61,5;20,4;0,7;11,1
02;1292;628;664;0,946;20,3;64,2;15,5;2,6;11,1
03;888;450;438;1,027;16,9;58;25,1;2,4;5,3
04;999;512;487;1,051;19,4;62,7;17,9;0,5;10,2
05;768;385;383;1,005;17,3;66,3;16,4;1,3;10,3
06;756;352;404;0,871;17,9;63,8;18,4;0,9;8,1
04;00;6435;3075;3360;0,915;16;57,7;26,3;1,2;5,9
01;1140;530;610;0,869;16,1;58,9;24,9;1,2;4,8
02;1051;493;558;0,884;12;51,9;36,2;1,4;2,7
03;834;424;410;1,034;15,3;55,6;29;0,5;4,9
04;1166;564;602;0,937;17,8;64,5;17,7;1,5;9,3
05;889;398;491;0,811;16,1;53,8;30,1;0,7;6,4
06;1355;666;689;0,967;17,6;59,4;23;1,8;6,5
085;Sopela;01;00;12947;6396;6551;0,976;21,8;63,1;15,2;1,1;2,9
01;1364;652;712;0,916;20,7;62;17,4;1;3
02;2019;997;1022;0,976;17,8;65,5;16,7;0,8;4,3
03;1687;818;869;0,941;18,9;61,4;19,7;1,1;2,4
04;2095;1019;1076;0,947;20;63,6;16,4;1,2;5
05;1661;841;820;1,026;25,7;64,2;10,1;1,2;1,4
06;1687;829;858;0,966;20,6;62,5;16,9;1,6;2,1
07;2434;1240;1194;1,039;27,4;62;10,6;1,1;1,6
086;Sopuerta;01;00;2468;1219;1249;0,976;17,9;59,9;22,2;2,8;2
01;1229;600;629;0,954;17,8;58,6;23,6;1,1;1,6
02;1239;619;620;0,998;18;61,3;20,7;4,4;2,3
087;Trucios-Turtzioz;01;00;512;262;250;1,048;11,5;63,3;25,2;1,6;2,7
01;512;262;250;1,048;11,5;63,3;25,2;1,6;2,7
088;Ubide;01;00;177;95;82;1,159;15,3;67,8;16,9;5,6;1,7
01;177;95;82;1,159;15,3;67,8;16,9;5,6;1,7
089;Urduliz;01;00;4294;2196;2098;1,047;21;62,8;16,3;1,1;3,2
01;1384;686;698;0,983;16,6;61,1;22,3;0,4;3,5
02;1600;828;772;1,073;23,8;63,7;12,5;1,3;4
03;1310;682;628;1,086;22,1;63,5;14,4;1,7;2,1
090;Balmaseda;02;00;7595;3673;3922;0,937;18,5;58,4;23;2,8;4,9
01;00;3856;1882;1974;0,953;17;57,9;25,1;2,3;4,9
01;1459;705;754;0,935;15,8;58,9;25,4;2,5;3,2
02;761;380;381;0,997;18,7;58,7;22,6;2,4;4,2
03;638;316;322;0,981;16,6;56,1;27,3;1,7;7,7
04;998;481;517;0,93;17,7;57;25,3;2,5;6,2
02;00;3739;1791;1948;0,919;20,1;59;20,9;3,3;5
01;2106;1009;1097;0,92;21;59,4;19,7;4,3;5,6
02;1633;782;851;0,919;19;58,5;22,5;1,9;4,2
091;Atxondo;01;00;1414;700;714;0,98;16,9;60,3;22,8;2,8;3,4
01;1414;700;714;0,98;16,9;60,3;22,8;2,8;3,4
092;Bedia;01;00;1054;489;565;0,865;16,9;62;21,2;2,2;2,5
01;1054;489;565;0,865;16,9;62;21,2;2,2;2,5
093;Areatza;01;00;1215;593;622;0,953;20,5;62,1;17,4;5,3;4,9
01;1215;593;622;0,953;20,5;62,1;17,4;5,3;4,9
094;Igorre;01;00;4163;2022;2141;0,944;20,3;60,2;19,5;3,4;8,1
01;1549;743;806;0,922;19,9;59,8;20,3;3;9
02;1685;821;864;0,95;21,2;60,7;18,1;3,4;7,8
03;929;458;471;0,972;19,4;60,1;20,6;4,2;7
095;Zaldibar;01;00;3056;1535;1521;1,009;20;59,4;20,6;2,2;4,9
01;1599;791;808;0,979;22,8;59;18,2;1,7;5,3
02;665;345;320;1,078;19,5;59,1;21,4;2,4;5,7
03;792;399;393;1,015;14,6;60,6;24,7;3;3,3
096;Zalla;02;00;8438;4157;4281;0,971;18,4;61,7;20;3,8;4,9
01;00;6540;3209;3331;0,963;18,9;61,2;19,9;4;4,6
01;1841;891;950;0,938;17,9;62,4;19,7;2,8;3,6
02;925;466;459;1,015;19,2;61,4;19,4;2,4;5,5
03;2295;1122;1173;0,957;20,3;60,3;19,5;6,6;5,5
04;1479;730;749;0,975;17,9;60,9;21,2;2,6;4,1
02;00;1898;948;950;0,998;16,4;63,4;20,2;3;6
01;1898;948;950;0,998;16,4;63,4;20,2;3;6
097;Zaratamo;01;00;1631;804;827;0,972;18,1;61,3;20,7;1,3;2,4
01;695;333;362;0,92;16,3;62,3;21,4;1,7;0,9
02;936;471;465;1,013;19,4;60,5;20,1;1;3,5
901;Derio;01;00;6472;3132;3340;0,938;21,1;60,8;18,1;0,6;3,2
01;1242;586;656;0,893;12,9;57,8;29,3;1;5,6
02;2642;1296;1346;0,963;25,5;65,7;8,8;0,3;2
03;1173;564;609;0,926;12,7;51,7;35,5;0,7;5,1
04;1415;686;729;0,941;27,1;61,8;11,1;0,7;1,5
902;Erandio;03;00;24297;11756;12541;0,937;18,2;60,3;21,5;1,3;5,9
01;00;10499;5028;5471;0,919;18,8;60,2;21;1,7;7,1
01;1495;715;780;0,917;17,9;60,1;22,1;1;8,2
02;719;351;368;0,954;17,7;59,4;22,9;0,7;5,3
03;1700;838;862;0,972;23,2;62,6;14,1;2,7;11,1
04;1135;554;581;0,954;18,2;62,5;19,3;1,9;7
05;965;440;525;0,838;19,2;63;17,8;2,3;9,9
06;994;460;534;0,861;20,8;59,8;19,4;3,6;5,2
07;1377;647;730;0,886;19,6;59,8;20,6;1,2;5,3
08;1277;623;654;0,953;14,6;54,8;30,5;0,5;4
09;837;400;437;0,915;15,7;59,5;24,9;1,4;5,6
02;00;10157;4924;5233;0,941;17,9;59,5;22,6;0,9;5,1
01;1597;788;809;0,974;20,4;63;16,6;1,9;6,1
02;1532;723;809;0,894;17,6;58;24,4;1,2;3,8
03;1604;774;830;0,933;14,8;59,2;26;0,6;3,1
04;1194;576;618;0,932;17;60,8;22,2;0,3;5,4
05;836;400;436;0,917;16,1;55,1;28,7;1,1;7,4
06;774;394;380;1,037;16,8;53,2;30;0,3;5,7
07;632;310;322;0,963;15,5;53,8;30,7;0,5;5,4
08;1988;959;1029;0,932;20,9;63,5;15,6;0,9;5,4
03;00;3641;1804;1837;0,982;17,5;62,8;19,7;1;4,7
01;1211;612;599;1,022;16,8;65,8;17,3;1,6;5,7
02;1658;826;832;0,993;18,3;66,1;15,6;0,7;4,8
03;772;366;406;0,901;16,7;50,9;32,4;0,6;3,1
903;Loiu;01;00;2355;1201;1154;1,041;23,6;56,8;19,6;1,4;9,5
01;2355;1201;1154;1,041;23,6;56,8;19,6;1,4;9,5
904;Sondika;01;00;4489;2140;2349;0,911;19,6;59,4;21;1,6;3,3
01;1670;779;891;0,874;17,6;56,9;25,4;2,3;4,9
02;1940;933;1007;0,927;20,9;62,7;16,4;1,3;2,6
03;879;428;451;0,949;20,5;57;22,5;0,8;1,5
905;Zamudio;01;00;3274;1628;1646;0,989;18,8;58,5;22,7;1,2;7
01;2306;1144;1162;0,985;20,8;58,7;20,5;1,3;8,4
02;968;484;484;1;14;58;28;1;3,8
906;Forua;01;00;916;448;468;0,957;15,4;62,3;22,3;3,2;2,2
01;916;448;468;0,957;15,4;62,3;22,3;3,2;2,2
907;Kortezubi;01;00;437;218;219;0,995;22;56,5;21,5;1,1;3
01;437;218;219;0,995;22;56,5;21,5;1,1;3
908;Murueta;01;00;304;144;160;0,9;20,1;64,5;15,5;1,3;1,3
01;304;144;160;0,9;20,1;64,5;15,5;1,3;1,3
909;Nabarniz;01;00;242;114;128;0,891;17,8;62,4;19,8;1,7;2,1
01;242;114;128;0,891;17,8;62,4;19,8;1,7;2,1
910;Iurreta;01;00;3689;1793;1896;0,946;18,1;57,8;24,1;2;7,5
01;992;500;492;1,016;20,9;56,7;22,5;1,2;2,8
02;800;388;412;0,942;17,9;58,8;23,4;4,3;10,8
03;1897;905;992;0,912;16,8;58;25,2;1,5;8,5
911;Ajangiz;01;00;453;227;226;1,004;19,6;60,3;20,1;0,7;1,3
01;453;227;226;1,004;19,6;60,3;20,1;0,7;1,3
912;Alonsotegi;01;00;2852;1356;1496;0,906;17,7;60,1;22,2;1,9;3,5
01;848;395;453;0,872;14,3;56,8;28,9;1,9;5,2
02;988;470;518;0,907;21,6;62,7;15,8;2,3;2,5
03;1016;491;525;0,935;16,9;60,2;22,8;1,6;3,1
913;Zierbena;01;00;1493;789;704;1,121;16,8;64,1;19,1;0,9;2,3
01;1493;789;704;1,121;16,8;64,1;19,1;0,9;2,3
914;Arratzu;01;00;415;201;214;0,939;19;56,9;24,1;1,4;2,7
01;415;201;214;0,939;19;56,9;24,1;1,4;2,7
915;Ziortza-Bolibar;01;00;451;238;213;1,117;16;59,2;24,8;0,7;1,1
01;451;238;213;1,117;16;59,2;24,8;0,7;1,1
Fuente: Eustat. Estadística municipal de habitantes
